Nome,Numeacao,Preco
House Of X (2019),#6 (of 6),4.99
Immortal Hulk (2018),#24,3.99
Star Wars (2015),#72,3.99
Fantastic Four (2018),#15,3.99
Absolute Carnage: Immortal Hulk (2019),#1,4.99
Star Wars: Doctor Aphra (2016),#37,3.99
Spider-Verse (2019),#1 (of 6),3.99
Savage Avengers (2019),#6,3.99
Doctor Strange (2018),#20,3.99
Powers Of X (2019),#5 (of 6),4.99
Ghost Rider (2019): Director’s Cut,#1: Director’s Cut,4.99
Daredevil (2019),#12,3.99
Champions (2019),#10,3.99
Marvel Comics (2019),#1001,4.99
Runaways (2017),#25,3.99
Old Man Quill (2019),#10 (of 12),3.99
Contagion (2019),#1 (of 5),3.99
House Of X (2019),#5 (of 6),4.99
The Punisher (2018),#16,3.99
Future Foundation (2019),#3,3.99
House Of X (2019),#4 (of 6),4.99
Powers Of X (2019),#4 (of 6),4.99
Thanos: The Infinity Ending,,16.99
House Of X (2019),#3 (of 6),4.99
House Of X (2019),#2 (of 6),4.99
Powers Of X (2019),#3 (of 6),4.99
Black Cat (2019),#5,3.99
Powers Of X (2019),#1 (of 6),5.99
Star Wars: Age Of Resistance - Kylo Ren (2019),#1,3.99
Powers Of X (2019),#2 (of 6),4.99
Immortal Hulk: Hulk In Hell,Vol. 3: Hulk In Hell,8.99
House Of X (2019),#1 (of 6),5.99
Immortal Hulk: The Green Door,Vol. 2: The Green Door,8.99
Cosmic Ghost Rider: Baby Thanos Must Die,,8.99
Uncanny X-Men: Cyclops And Wolverine,Vol. 1: Cyclops And Wolverine,10.99
House Of X (2019): Director’s Cut,#1 (of 6): Director’s Cut,7.99
Bizarre Adventures (2019),#1,4.99
Amazing Spider-Man (2018),#30,3.99
Avengers (2018),#24,3.99
X-Men: Grand Design,,5.99
X-Men: Grand Design - Second Genesis,,5.99
Absolute Carnage (2019),#3 (of 5),4.99
Star Wars: Jedi Fallen Order–Dark Temple (2019),#2 (of 5),3.99
Immortal Hulk: Or Is He Both?,Vol. 1: Or Is He Both?,8.99
Astonishing X-Men by Joss Whedon & John Cassaday Ultimate Collection Book 1,,16.99
Star Wars: Target Vader (2019),#3 (of 6),3.99
Cosmic Ghost Rider Destroys Marvel History,,10.99
Strikeforce (2019): Director’s Cut,#1: Director’s Cut,3.99
Spider-Man (2019),#1 (of 6),4.99
Astonishing X-Men by Joss Whedon & John Cassaday Ultimate Collection Book 2,,16.99
Absolute Carnage: Miles Morales (2019),#2 (of 3),3.99
Absolute Carnage (2019),#2 (of 5),4.99
Immortal Hulk (2018),#23,3.99
Immortal Hulk: Abomination,Vol. 4: Abomination,8.99
New X-Men by Grant Morrison: E Is For Extinction,Vol. 1: E Is For Extinction,8.99
Ghost Rider by Daniel Way: The Complete Collection,,19.99
Ghost Rider: The War For Heaven Book One,,19.99
Sword Master (2019),#4,3.99
Mr. and Mrs. X: Gambit And Rogue Forever,Vol. 2: Gambit And Rogue Forever,10.99
Captain America (2018),#14,3.99
Major X,,10.99
X-Men: Mutant Genesis 2.0,,12.99
X-Men: The Adamantium Collection,,49.99
X-Men Classic: The Complete Collection,Vol. 1,19.99
Marvel Comics (2019),#1000,9.99
New Mutants: War Children (2019),#1,4.99
Deadpool Kills the Marvel Universe,,6.99
Ghost Rider: Road To Damnation,,10.99
Immortal Hulk (2018),#22,3.99
Spirits of Vengeance: War At The Gates Of Hell,,8.99
X-Men Black,,8.99
X-Men: The Complete Onslaught Epic - Book One,,16.99
Star Wars: Age Of Resistance - Supreme Leader Snoke (2019),#1,3.99
Avengers: No Road Home,,16.99
X-Men: Days of Future Past,,10.99
Cosmic Ghost Rider Destroys Marvel History (2019),#3 (of 6),1.99
Cosmic Ghost Rider Destroys Marvel History (2019),#5 (of 6),1.99
X-Men Red: Waging Peace,Vol. 2: Waging Peace,10.99
Cosmic Ghost Rider Destroys Marvel History (2019),#4 (of 6),1.99
Absolute Carnage (2019): Director's Cut,#1 (of 5): Director's Cut,9.99
Cosmic Ghost Rider Destroys Marvel History (2019),#6 (of 6),1.99
Star Wars: Jedi Fallen Order–Dark Temple (2019),#1 (of 5),3.99
Absolute Carnage: Miles Morales (2019),#1 (of 3),3.99
Cosmic Ghost Rider Destroys Marvel History (2019),#1 (of 6),1.99
New X-Men By Grant Morrison: Imperial,Vol. 2: Imperial,14.99
Fantastic Four (2018),#14,3.99
Star Wars: Age Of Resistance - Rey (2019),#1,3.99
Cosmic Ghost Rider Destroys Marvel History (2019),#2 (of 6),1.99
X-Men: Asgardian Wars,,6.99
All-New X-Men: Yesterday's X-Men,Vol. 1: Yesterday's X-Men,8.99
Immortal Hulk (2018),#21,3.99
New X-Men By Grant Morrison: Riot At Xavier's,Vol. 4: Riot At Xavier's,8.99
Spider-Man: Life Story (2019),#6 (of 6),1.99
Absolute Carnage vs. Deadpool (2019),#2 (of 3),3.99
Avengers (1963-1996),#1,1.99
X-Men Blue: Surviving The Experience,Vol. 5: Surviving The Experience,14.99
Black Panther (2018),#16,3.99
Spider-Man: Life Story (2019),#2 (of 6),1.99
X-Men: The Complete Age Of Apocalypse Epic Book 1,,14.99
X-Men Red: The Hate Machine,Vol. 1: The Hate Machine,10.99
Absolute Carnage vs. Deadpool (2019),#1 (of 3),3.99
Doctor Strange (2018),#19,3.99
Uncanny X-Men: X-Men Disassembled,,19.99
Amazing Spider-Man (1963-1998),#1,1.99
Secret Wars,,5.99
Spider-Man: Life Story (2019),#5 (of 6),1.99
Venom (2018),#18,3.99
Spider-Verse,,29.99
Ghost-Spider (2019),#2,3.99
X-Men: The Complete Onslaught Epic - Book Two,,16.99
Defenders: The Best Defense,,8.99
Savage Avengers (2019),#5,3.99
Astonishing X-Men: Exogenetic,,8.99
Star Wars: Doctor Aphra (2016),#36,3.99
Spider-Man: Life Story (2019),#3 (of 6),1.99
Thanos (2019),#6 (of 6),3.99
War Of The Realms,,10.99
Ghost Rider/Wolverine/Punisher: Hearts of Darkness,,9.99
New X-Men By Grant Morrison: Planet X,Vol. 6: Planet X,8.99
All-New X-Men: Here To Stay,Vol. 2: Here To Stay,8.99
New X-Men By Grant Morrison: Assault on Weapon Plus,Vol. 5: Assault on Weapon Plus,12.99
Uncanny X-Men: Wolverine And Cyclops,Vol. 2,10.99
New X-Men By Grant Morrison: New Worlds,Vol. 3: New Worlds,12.99
All-New X-Men: One Down,Vol. 5: One Down,10.99
X-Men Blue: Cry Havok,Vol. 4: Cry Havok,10.99
Miles Morales: Spider-Man (2018),#10,4.99
Spider-Man: Life Story (2019),#4 (of 6),1.99
All-New X-Men: The Utopians,Vol. 7: The Utopians,8.99
Extermination,,10.99
Ghost Rider: Danny Ketch - Addict,,10.99
Spider-Man: Life Story (2019),#1 (of 6),1.99
Conan Chronicles Epic Collection: Return To Cimmeria,,19.99
New X-Men By Grant Morrison: Here Comes Tomorrow,Vol. 7: Here Comes Tomorrow,6.99
King Thor (2019),#1 (of 4),3.99
X-Men Gold: Godwar,Vol. 7: Godwar,12.99
Amazing Spider-Man (2018),#29,3.99
Civil War,,12.99
Star Wars: Darth Vader: Dark Lord of the Sith: Fortress Vader,Vol. 4: Fortress Vader,12.99
All-New X-Men: Out Of Their Depth,Vol. 3: Out Of Their Depth,8.99
Astonishing X-Men: Ghost Box,Vol. 5: Ghost Box,12.99
All-New X-Men: All-Different,Vol. 4: All-Different,8.99
Venom (2018),#17,3.99
Daredevil (2019),#11,3.99
Doctor Strange (2018),#18,3.99
Valkyrie: Jane Foster (2019),#3,3.99
Mr. and Mrs. X: Love And Marriage,Vol. 1: Love And Marriage,10.99
Star Wars: Target Vader (2019),#2 (of 6),3.99
Avengers (1963-1996),#2,1.99
X-Men: Dark Phoenix Saga Complete Collection,,19.99
Star Wars (2015),#71,3.99
"Uncanny X-Men: The Good, The Bad, The Inhuman","Vol. 3: The Good, The Bad, The Inhuman",8.99
X-Men: The Complete Onslaught Epic - Book Three,,16.99
Absolute Carnage (2019),#1 (of 5),7.99
Doctor Strange by Mark Waid: Across The Universe,Vol. 1: Across The Universe,8.99
Marvel's Spider-Man: Velocity (2019),#2 (of 5),3.99
X-Men: The Complete Age Of Apocalypse Epic Book 4,,24.99
History Of The Marvel Universe (2019),#3 (of 6),4.99
Star Wars: Galaxy's Edge (2019),#1 (of 5),3.99
Immortal Hulk,Vol. 1,16.99
X-Men: Age of X,,16.99
Star Wars: Target Vader (2019),#1 (of 6),3.99
Avengers (2018),#23,3.99
Avengers: Loki Unleashed! (2019),#1,4.99
Star Wars: Darth Vader: Vader,Vol. 1: Vader,10.99
All-New X-Men: The Ultimate Adventure,Vol. 6: The Ultimate Adventure,10.99
X-Men: The Complete Age of Apocalypse Epic Book 2,,24.99
Miles Morales: Spider-Man (2018),#9,3.99
Star Wars: Galaxy's Edge (2019),#3 (of 5),3.99
Star Wars: Galaxy's Edge (2019),#2 (of 5),3.99
Superior Spider-Man (2018),#11,3.99
X-Men: The Complete Onslaught Epic - Book Four,,16.99
Punisher Kill Krew (2019),#3 (of 5),3.99
Loki (2019),#3,3.99
X-Men: The Complete Age of Apocalypse Epic Book 3,,24.99
Ghost Racers,,8.99
Uncanny X-Men: Storyville,Vol. 6: Storyville,9.99
Fantastic Four: Books of Doom,,3.99
X-Men: Magik - Storm & Illyana,,8.99
Star Wars: Galaxy's Edge (2019),#5 (of 5),3.99
Fear Itself: Ghost Rider,,10.99
The Punisher: World War Frank,Vol. 1: World War Frank,8.99
Immortal Hulk (2018),#20,1.99
Star Wars: Galaxy's Edge (2019),#4 (of 5),3.99
Savage Avengers (2019),#3,3.99
Amazing Spider-Man (2018),#25,7.99
Absolute Carnage: Lethal Protectors (2019),#2 (of 3),3.99
Uncanny X-Men: The Omega Mutant,Vol. 5: The Omega Mutant,10.99
X-Men '92: Warzones!,Vol. 0: Warzones!,14.99
X-Men: Fatal Attractions: (New Edition),,19.99
Infinity Gauntlet,,10.99
Savage Avengers (2019): Director's Cut,#1: Director's Cut,7.99
Star Wars: Age Of Resistance - General Hux (2019),#1,3.99
Captain America: Captain Of Nothing,Vol. 2: Captain Of Nothing,10.99
Uncanny X-Men: Revolution,Vol. 1: Revolution,8.99
Star Wars: Age Of Resistance - Rose Tico (2019),#1,3.99
Savage Avengers (2019),#2,3.99
Uncanny X-Men: Broken,Vol. 2: Broken,10.99
Spider-Man Noir: The Complete Collection,,16.99
X-Men Gold: 'Til Death Do Us Part,Vol. 6: 'Til Death Do Us Part,10.99
Ghost Rider: Danny Ketch Classic,Vol. 1,16.99
Champions (2019),#9,3.99
Ghost Rider: Four On The Floor,,8.99
Absolute Carnage: Symbiote Of Vengeance (2019),#1,4.99
Amazing Spider-Man (1999-2013),#36,1.99
Civil War II,,14.99
Uncanny X-Men: Superior: IvX,Vol. 4: IvX,8.99
New X-Men Companion,,16.99
X-Men vs. Avengers/Fantastic Four,,16.99
Guardians of the Galaxy (2019),#9,3.99
Mighty Avengers: No Single Hero,Vol. 1: No Single Hero,8.99
Immortal Hulk (2018),#5,1.99
Savage Avengers (2019),#4,3.99
Amazing Spider-Man by Nick Spencer: Lifetime Achievement,Vol. 3: Lifetime Achievement,8.99
Amazing Spider-Man (2018),#24,3.99
X-Men: Decimation - The Day After,,10.99
Immortal Hulk (2018),#7,1.99
X-Men: Proteus,,8.99
Wolverine Annual (2019),#1,4.99
X-Men: Psylocke,,12.99
Uncanny X-Men: Superior: Apocalypse Wars,Vol. 2: Apocalypse Wars,8.99
Ghost Riders: Heaven's On Fire,,10.99
Amazing Spider-Man (2018),#27,3.99
X-Men: Battle of the Atom,,18.99
War Of The Realms (2019),#6 (of 6),1.99
Fantastic Four (2018),#13,3.99
Old Man Quill (2019),#9 (of 12),3.99
X-Men: Prelude to Age of Apocalypse,,19.99
Captain Marvel (2019),#10,3.99
X-Men: The Road To Onslaught,Vol. 1,19.99
Star Wars: Doctor Aphra (2016),#35,3.99
Amazing Spider-Man by Nick Spencer: Friends And Foes,Vol. 2: Friends And Foes,8.99
Spirits of Vengeance: Rise of the Midnight Sons,,19.99
Civil War,#2 (of 7),1.99
X-Men: The Magneto War,,19.99
Champions (2019),#8,3.99
X-Men Blue: Cross Time Capers,Vol. 3: Cross Time Capers,8.99
Venom & X-Men: Poison-X,,8.99
Uncanny X-Men: The Sisterhood,,8.99
Contest of Champions: Final Fight,Vol. 2: Final Fight,8.99
X-Men: The End Book Three,,10.99
Uncanny X-Men: Superior: Waking From The Dream,Vol. 3: Waking From The Dream,8.99
X-Men: Bishop's Crossing,,19.99
Ghost-Spider (2019) Annual,#1,4.99
X-Men: Prelude To Onslaught,,12.99
Immortal Hulk (2018),#4,1.99
Absolute Carnage: Lethal Protectors (2019),#1 (of 3),3.99
X-Men Blue: Toil and Trouble,Vol. 2: Toil and Trouble,10.99
Infamous Iron Man: Infamous,Vol. 1: Infamous,3.99
Incredible Hulk: The End,#1,1.99
Fearless (2019),#3 (of 4),4.99
Marvel Comics Presents (2019),#9,4.99
Contest Of Champions: Battleworld,Vol. 1: Battleworld,10.99
Ghost-Spider (2019),#1,3.99
Amazing Spider-Man by Nick Spencer: Back To Basics,Vol. 1: Back To Basics,8.99
X-Men: Magneto - Testament,,8.99
Ultimates 2: Eternity War,Vol. 2: Eternity War,8.99
Astonishing X-Men: Unstoppable,Vol. 4: Unstoppable,12.99
X-Men: Apocalypse/Dracula,,6.99
Tony Stark: Iron Man (2018),#16,3.99
Ultimates: Omniversal: Start With The Impossible,Vol. 1: Start With The Impossible,10.99
Fantastic Four (2018),#9,1.99
Miles Morales: Spider-Man (2018),#8,3.99
X-Men: Blood Of Apocalypse,,10.99
X-Women,,6.99
X-Men: The Road To Onslaught,Vol. 2,19.99
Venom (2018),#3,1.99
Doomwar,,3.99
Infamous Iron Man: The Absolution Of Doom,Vol. 2: The Absolution Of Doom,3.99
Captain America (2018),#13,3.99
Fantastic Four (1961-1998),#348,1.99
X-Men: FF,,8.99
Doctor Strange by Mark Waid: Herald,Vol. 3: Herald,10.99
Absolute Carnage: Symbiote Spider-Man (2019),#1,4.99
Avengers (1963-1996),#4,1.99
X-Men: S.W.O.R.D. - No Time To Breathe,,8.99
Extraordinary X-Men: IvX,Vol. 4: IvX,8.99
Doctor Strange (2018),#17,1.99
X-Men: Kitty Pryde & Wolverine,,10.99
Spider-Man Noir,,6.99
Wolverine: The Best There Is - The Complete Series,,16.99
Absolute Carnage: Scream (2019),#1 (of 3),3.99
Star Wars: The Scourging Of Shu-Torun,Vol. 11: The Scourging Of Shu-Torun,10.99
Marvel Team-Up (2019),#6,3.99
Marvel Super Heroes Secret Wars,,7.99
Uncanny X-Men: Vs. S.H.I.E.L.D.,Vol. 4: Vs. S.H.I.E.L.D.,12.99
X-Men Gold: Mojo Worldwide,Vol. 3: Mojo Worldwide,10.99
Captain Marvel (2019),#9,3.99
Immortal Hulk (2018),#6,1.99
Immortal Hulk (2018),#3,1.99
Star Wars: Thrawn,,10.99
Fantastic Four (1961-1998),#349,1.99
Astonishing X-Men: Torn,Vol. 3: Torn,10.99
Spider-Man/Deadpool: Isn't It Bromantic,Vol. 1: Isn't It Bromantic,10.99
Avengers: X-Sanction,,6.99
Star Wars: Age Of Republic - Villains,,8.99
Civil War,#1 (of 7),1.99
Astonishing X-Men by Matt Rosenberg: Until Our Hearts Stop,,10.99
Venom (2018),#16,3.99
Avengers (2018),#22,3.99
Amazing Spider-Man (2018),#26,3.99
Star Wars: Vader - Dark Visions,,8.99
Darth Vader (2017-2018),#25,1.99
Immortal Hulk (2018),#1,1.99
Daredevil (2019),#4,1.99
Absolute Carnage: Scream (2019),#2 (of 3),3.99
Astonishing X-Men: Dangerous,Vol. 2: Dangerous,10.99
Secret Invasion: X-Men,,6.99
Daredevil by Chip Zdarsky: Know Fear,Vol. 1: Know Fear,8.99
X-Men Gold: The Negative Zone War,Vol. 4: The Negative Zone War,8.99
Star Wars: Darth Vader: Dark Lord of the Sith: Imperial Machine,Vol. 1: Imperial Machine,10.99
X-Men: The Dark Phoenix Saga,,16.99
Cosmic Ghost Rider (2018),#3 (of 5),1.99
Uncanny X-Men - The New Age: End Of Greys,Vol. 4: End Of Greys,10.99
Venom (2018),#4,1.99
Avengers: Disassembled,,6.99
Deadpool Kills The Marvel Universe Again,,8.99
Avengers: No Road Home (2019),#9 (of 10),1.99
Loki (2019),#2,3.99
X-Men: The End Book Two,,10.99
Amazing Spider-Man (2018),#28,3.99
Avengers: No Surrender,,24.99
Amazing Spider-Man (2018),#23,1.99
X-Men Gold: Evil Empires,Vol. 2: Evil Empires,10.99
Cosmic Ghost Rider (2018),#2 (of 5),1.99
Ultimates 2: Troubleshooters,Vol. 1: Troubleshooters,10.99
Immortal Hulk (2018),#12,1.99
Star Wars: Doctor Aphra: Worst Among Equals,Vol. 5: Worst Among Equals,12.99
Marvel's Spider-Man: Velocity (2019),#1 (of 5),3.99
Venom (2018),#2,1.99
X-Men: Messiah Complex,,19.99
Astonishing X-Men: Exalted,,6.99
X-Men: Onslaught Aftermath,,19.99
Punisher Kill Krew (2019),#2 (of 5),3.99
Magnificent Ms. Marvel (2019),#7,3.99
Conan The Barbarian (2019),#9,3.99
Daredevil (2019),#5,1.99
Loki (2019),#1,3.99
Secret Warps,,8.99
Astonishing X-Men: Xenogenesis,,8.99
Immortal Hulk (2018),#11,1.99
Immortal Hulk (2018),#2,1.99
Avengers (2018),#20,3.99
Spider-Man Noir: Eyes Without A Face,,6.99
Gwenpool Strikes Back (2019),#2 (of 5),3.99
Star Wars: Darth Vader: Dark Lord of the Sith: The Burning Seas,Vol. 3: The Burning Seas,12.99
X-Men: The Hidden Years,Vol. 1,16.99
Immortal Hulk (2018),#17,1.99
X-Men: The End Book One,,10.99
Star Wars (2015),#1,1.99
History Of The Marvel Universe (2019),#2 (of 6),4.99
Black Cat (2019),#4,3.99
Avengers: No Road Home (2019),#10 (of 10),1.99
X-Men Gold: Back To The Basics,Vol. 1: Back To The Basics,10.99
Ghost Rider: Danny Ketch Classic,Vol. 2,16.99
Loki: Agent of Asgard: Trust Me,Vol. 1: Trust Me,8.99
Doctor Strange by Mark Waid: Remittance,Vol. 2: Remittance,10.99
Future Foundation (2019),#2,3.99
Miles Morales: Spider-Man (2018),#7,3.99
The Punisher (2018),#14,3.99
Thor: God of Thunder: Godbomb,Vol. 2: Godbomb,10.99
You Are Deadpool,,8.99
Darth Vader (2017-2018),#19,1.99
X-Men: Phoenix In Darkness by Grant Morrison,,16.99
Iron Man: Doomquest,,2.99
Uncanny X-Men: Fear Itself,,8.99
X-Men: Legion - Shadow King Rising,,16.99
Star Wars: Age Of Republic - Heroes,,6.99
Uncanny X-Men: Superior: Survival of the Fittest,Vol. 1: Survival of the Fittest,8.99
Ghost Rider: Trials and Tribulations,Vol. 3: Trials and Tribulations,6.99
X-Men Blue: Strangest,Vol. 1: Strangest,10.99
U.S.Avengers: American Intelligence Mechanics,Vol. 1: American Intelligence Mechanics,8.99
Thor (2018-2019),#12,3.99
X-Men Gold: Cruel and Unusual,Vol. 5: Cruel and Unusual,8.99
Avengers by Jason Aaron: The Final Host,Vol. 1: The Final Host,10.99
Future Foundation (2019),#1,3.99
Immortal Hulk (2018),#18,1.99
Infinity,,34.99
Avengers vs. X-Men: Collected Edition,,29.99
Runaways (2017),#24,3.99
Venomverse,,8.99
Invaders (2019),#4,1.99
Avengers (2018),#19,3.99
Thanos: The Infinity Conflict,,19.99
Avengers by Jason Aaron: World Tour,Vol. 2: World Tour,10.99
Earth X,,24.99
Ghost Rider (2011-2012),#7,1.99
Immortal Hulk (2018),#9,1.99
Uncanny X-Men (2018-2019),#22,1.99
Avengers (2018),#21,3.99
Magnificent Ms. Marvel (2019),#6,3.99
Cosmic Ghost Rider (2018),#4 (of 5),1.99
Absolute Carnage: Separation Anxiety (2019),#1,4.99
Return of Wolverine,,8.99
Marvel Spotlight (1971-1977),#5,1.99
Star Wars: Darth Vader: Shadows and Secrets,Vol. 2: Shadows and Secrets,10.99
Uncanny X-Men: Divided We Stand,,8.99
Star Wars (2015),#64,1.99
Avengers (2018),#14,1.99
Avengers by Jason Aaron: War Of The Vampires,Vol. 3: War Of The Vampires,8.99
All-New X-Men: Inevitable: Apocalypse Wars,Vol. 2: Apocalypse Wars,8.99
Avengers (2018),#18,3.99
Astonishing X-Men by Charles Soule: A Man Called X,Vol. 2: A Man Called X,10.99
First X-Men,,8.99
X-Men: Curse of the Mutants,,10.99
Guardians of the Galaxy: Cosmic Avengers,Vol. 1: Cosmic Avengers,10.99
X-Men Milestones: Fall Of The Mutants,,16.99
Immortal Hulk (2018),#19,1.99
X-Men: Fallen Angels,,14.99
X-Men Origins: The Complete Collection,,16.99
X-Men: The Hidden Years,Vol. 2,16.99
Immortal Hulk (2018),#8,1.99
Astonishing X-Men: Children of the Brood,,8.99
X-Men: Pixie Strikes Back,,6.99
Thor (2018-2019),#13,3.99
Civil War,#7 (of 7),1.99
Web Of Venom: Cult Of Carnage (2019),#1,1.99
Star Wars (2015),#70,3.99
Star Wars (2015),#66,1.99
Star Wars: Doctor Aphra (2016),#32,3.99
Man-Wolf: The Complete Collection,,19.99
Captain America (2018),#12,1.99
Avengers (2012-2015),#1,1.99
Loki: Agent of Asgard: I Cannot Tell A Lie,Vol. 2: I Cannot Tell A Lie,10.99
Star Wars: Doctor Aphra: The Catastrophe Con,Vol. 4: The Catastrophe Con,10.99
Fantastic Four (1961-1998) Annual,#23,1.99
Avengers: No Road Home (2019),#8 (of 10),1.99
Extraordinary X-Men: Kingdoms Fall,Vol. 3: Kingdoms Fall,8.99
Ghost Rider: Hell Bent & Heaven Bound,Vol. 1: Hell Bent & Heaven Bound,10.99
X-Men: With Great Power,,8.99
Death of X,,6.99
Champions (2019),#7,3.99
Daredevil (2019),#10,3.99
Star Wars (2015),#60,1.99
X-Men: Ghosts,,19.99
X-Men: Grand Design - X-Tinction,,6.99
Venom: War Of The Realms,,6.99
Daredevil (2019),#6,1.99
Fantastic Four Epic Collection: The New Fantastic Four,,19.99
Star Wars: Doctor Aphra (2016),#33,3.99
X-Men: The Road To Onslaught,Vol. 3,19.99
All-New X-Men: Inevitable: Hell Hath So Much Fury,Vol. 3: Hell Hath So Much Fury,8.99
Ghost Rider (2011-2012),#6,1.99
Amazing Spider-Man (2018),#19.HU,1.99
Captain America: Winter In America,Vol. 1: Winter In America,10.99
War Of The Realms (2019),#3 (of 6),1.99
Cosmic Ghost Rider (2018),#1 (of 5),1.99
X-Men: Mutant Genesis,,12.99
Damnation: Johnny Blaze - Ghost Rider (2018),#1,1.99
All-New X-Men: Inevitable: IvX,Vol. 4: IvX,8.99
X-Men: Blinded By The Light,,8.99
Mighty Avengers: Original Sin - Not Your Father's Avengers,Vol. 3: Original Sin - Not Your Father's Avengers,6.99
X-Men: Emperor Vulcan,,10.99
X-Men '92: Lilapalooza,Vol. 2: Lilapalooza,8.99
Magneto: Not A Hero,,6.99
Mighty Avengers: Family Bonding,Vol. 2: Family Bonding,8.99
Ghost Rider (2011-2012),#8,1.99
House of M,#7 (of 8),1.99
GeNEXT: United,,8.99
Spider-Man: Miles Morales,Vol. 1,8.99
House of M,#1 (of 8),1.99
Infinity,#1 (of 6),1.99
X-Men/Spider-Man,,8.99
Thanos vs. Hulk,,8.99
Cable & Deadpool: If Looks Could Kill,Vol. 1: If Looks Could Kill,10.99
Secret Wars (2015-2016),#1 (of 9),0.99
Avengers: Time Runs Out,Vol. 1,8.99
Ghost Rider: Vicious Cycle,Vol. 1: Vicious Cycle,8.99
Silver Surfer: Black (2019),#4 (of 5),3.99
Deadpool vs. Thanos,,6.99
Hulk: World War Hulk,,8.99
Ghost Rider (2011-2012),#9,1.99
Star Wars (2015),#59,1.99
Astonishing X-Men by Charles Soule: Life of X,Vol. 1: Life of X,10.99
Amazing Spider-Man: Hunted,,19.99
Uncanny Avengers: The Red Shadow,Vol. 1: The Red Shadow,8.99
Immortal Hulk (2018),#10,1.99
Black Cat (2019),#1,4.99
Venom by Donny Cates: The Abyss,Vol. 2: The Abyss,10.99
Avengers vs. X-Men,#5 (of 12),1.99
Thor (2018-2019),#16,3.99
Old Man Quill: Nobody's Fault But Mine,Vol. 1: Nobody's Fault But Mine,10.99
Star Wars (2015),#61,1.99
Amazing Spider-Man (2018),#1,1.99
GeNEXT,,8.99
Loki: Agent of Asgard: Last Days,Vol. 3: Last Days,10.99
Darth Vader (2017-2018),#1,1.99
Champions (2019),#4,1.99
Thor (2018-2019),#14,3.99
Star Wars: Darth Maul,,8.99
Thor: The Goddess Of Thunder,Vol. 1: The Goddess Of Thunder,8.99
Venom (2018),#15,1.99
Avengers (2016-2018),#675,1.99
Marvel Premiere (1972-1981),#45,1.99
X-Men: Prelude To Schism,,6.99
Darth Vader (2017-2018),#23,1.99
Punisher Kill Krew (2019),#1 (of 5),3.99
U.S.Avengers: Cannonball Run,Vol. 2: Cannonball Run,10.99
Darth Vader (2017-2018),#24,1.99
Web Warriors of the Spider-Verse: Spiders Vs.,Vol. 2: Spiders Vs.,10.99
X-Men: First To Last,,8.99
Darth Vader (2017-2018),#21,1.99
Uncanny X-Men - The New Age: First Forsaken,Vol. 5: First Forsaken,6.99
Venom: Circle of Four,,16.99
Conan The Barbarian (2019),#7,3.99
Star Wars: Darth Vader - Dark Lord Of The Sith Vol. 1 Collection,,16.99
Venomized,,8.99
Star Wars (2015),#58,1.99
Thanos: The Infinity Siblings,,19.99
Astonishing X-Men: Monstrous,,6.99
Captain America and the Mighty Avengers: Last Day,Vol. 2: Last Day,8.99
Uncanny X-Men: Bright New Mourning,Vol. 6: Bright New Mourning,10.99
Star Wars: Doctor Aphra (2016),#34,3.99
Vision: Little Worse Than A Man,Vol. 1: Little Worse Than A Man,10.99
Amazing Spider-Man (2018),#18.HU,1.99
Avengers: Avengers World,Vol. 1: Avengers World,10.99
The Web Of Black Widow (2019),#1 (of 5),3.99
Avengers: No Road Home (2019),#7 (of 10),1.99
Avengers vs. X-Men,#0 (of 12),1.99
Star Wars (2015),#65,1.99
Fantastic Four (2018),#12,4.99
Avengers vs. X-Men,#3 (of 12),1.99
War Of The Realms (2019): Director's Cut,#1 (of 6): Director's Cut,7.99
X-Men: Golgotha,,8.99
Thor (2018-2019),#5,1.99
Valkyrie: Jane Foster (2019),#2,3.99
Edge of Venomverse,,10.99
Extraordinary X-Men: Apocalypse Wars,Vol. 2: Apocalypse Wars,12.99
Astonishing X-Men: Northstar,,10.99
Darth Vader (2017-2018),#20,1.99
Decimation: House Of M - The Day After,,1.99
Fantastic Four: The Herald Of Doom,Vol. 3: The Herald Of Doom,10.99
Captain America (2018),#11,1.99
Avengers (2018),#1,1.99
X-Men: X-tinction Agenda,,24.99
Incredible Hulk (1962-1999),#1,1.99
X-Men: The Trial of Gambit,,24.99
Venom (2018),#9,1.99
Extraordinary X-Men: X-Haven,Vol. 1: X-Haven,8.99
All-New Wolverine (2015-2018) Annual,#1,1.99
X-Men: X-Cutioner's Song,,19.99
History Of The Marvel Universe (2019),#1 (of 6),4.99
X-Men: Schism,,10.99
Avengers & X-Men: Axis,,16.99
Astonishing X-Men: Gifted,Vol. 1: Gifted,10.99
Marvel Premiere (1972-1981),#46,1.99
War Of The Realms (2019),#5 (of 6),1.99
The Punisher (2018),#15,3.99
Star Wars (2015),#67,1.99
Young X-Men: Book of Revelations,Vol. 2: Book of Revelations,12.99
Fearless (2019),#1 (of 4),4.99
X-Men: Supernovas,,19.99
House of M,#6 (of 8),1.99
Fantastic Four (1961-1998),#350,1.99
Web Of Venom: Funeral Pyre (2019),#1,1.99
Venom (2018),#6,1.99
Captain America and the Mighty Avengers: Open For Business,Vol. 1: Open For Business,12.99
Fantastic Four: Doomed,Vol. 3: Doomed,5.99
Young X-Men: Final Genesis,Vol. 1: Final Genesis,8.99
Fear Itself,,14.99
War Of The Realms (2019),#2 (of 6),1.99
Avengers vs. X-Men,#1 (of 12),1.99
Web Warriors of the Spider-Verse: Electroverse,Vol. 1: Electroverse,8.99
Star Wars (2015),#69,3.99
X-Men: Exogenous,Vol. 4: Exogenous,8.99
Avengers (2018),#13,1.99
X-Men: Longshot,,10.99
Civil War,#5 (of 7),1.99
X-Men: Marauders,,19.99
Venom (2018),#5,1.99
Uncanny X-Men: First Class - Hated and Feared,,8.99
Age of Apocalypse: Warzones!,,8.99
Fantastic Four (2018),#2,1.99
Star Wars: Darth Vader: The Shu-Torun War,Vol. 3: The Shu-Torun War,8.99
Conan The Barbarian: The Life And Death Of Conan Book One,Vol. 1: The Life And Death Of Conan Book One,10.99
Ultimates: Omniversal: Civil War II,Vol. 2: Civil War II,10.99
Invaders (2019),#5,1.99
What If? AVX,,6.99
Star Wars (2015),#57,1.99
Amazing Spider-Man (2015-2018),#800,3.99
Cosmic Ghost Rider (2018),#5 (of 5),1.99
Ghost Rider: The Last Stand,Vol. 2: The Last Stand,12.99
Fantastic Four (2018),#4,1.99
Captain America (2018),#10,1.99
Amazing Spider-Man (2018),#22,1.99
Amazing Fantasy: Spider-Man!,#15: Spider-Man!,1.99
Tony Stark: Iron Man (2018),#5,1.99
Doctor Strange (2018),#16,1.99
Aero (2019),#3,3.99
Amazing Spider-Man Masterworks,Vol. 1,16.99
Immortal Hulk (2018),#13,1.99
Ghost Rider (1973-1983),#1,1.99
Fantastic Four (2018),#5,3.99
"Peter Porker, The Spectacular Spider-Ham",Vol. 1,10.99
Conan The Barbarian: Exodus (2019),#1,3.99
Captain Marvel (2019),#1,1.99
Avengers (2012-2015),#2,1.99
X-Men '92: The World Is A Vampire,Vol. 1: The World Is A Vampire,8.99
Black Panther And The Agents Of Wakanda (2019),#1,3.99
Avengers: The Last White Event,Vol. 2: The Last White Event,8.99
Fantastic Four (2018),#8,1.99
Eternals By Neil Gaiman,,12.99
Civil War,#3 (of 7),1.99
Superior Spider-Man (2018),#10,3.99
Amazing Spider-Man (2018),#2,1.99
Uncanny X-Men By Kieron Gillen,Vol. 4,10.99
Thor (2018-2019),#4,1.99
Amazing Spider-Man (2018),#21,1.99
Star Wars (2015),#56,1.99
Star Wars: Age Of Resistance - Poe Dameron (2019),#1,3.99
War Of The Realms (2019),#4 (of 6),1.99
Star Wars (2015),#68,3.99
Avengers vs. X-Men,#4 (of 12),1.99
Thor (2018-2019),#6,1.99
Superior Spider-Man (2018),#8,3.99
Star Wars: Vader - Dark Visions (2019),#5 (of 5),1.99
X-Men: Skinning of Souls,,14.99
Spider-Verse: Warzones!,,8.99
Creatures on the Loose (1971-1975),#37,1.99
Captain Marvel (2019),#8,3.99
The Punisher: War In Bagalia,Vol. 2: War In Bagalia,10.99
Age Of X-Man Alpha (2019),#1,1.99
Rocket: The Blue River Score,Vol. 1: The Blue River Score,10.99
Fantastic Four (2018),#1,1.99
The Marvel Art Of Star Wars,,16.99
Star Wars: Age Of Resistance - Captain Phasma (2019),#1,3.99
Deadpool: World's Greatest: Millionaire With A Mouth,Vol. 1: Millionaire With A Mouth,8.99
Guardians Of The Galaxy: The Final Gauntlet,Vol. 1: The Final Gauntlet,10.99
Avengers vs. X-Men,#2 (of 12),1.99
Civil War: X-Men,,6.99
Venom (2018),#13,1.99
Star Wars: Hope Dies,Vol. 9: Hope Dies,12.99
Extermination (2018),#5 (of 5),1.99
X-Men: Inferno Crossovers,,14.99
Guardians of the Galaxy: Legacy,Vol. 1: Legacy,10.99
Champions (2019),#1,1.99
The Mighty Thor: Thunder In Her Veins,Vol. 1: Thunder In Her Veins,8.99
Star Wars: Skywalker Strikes,Vol. 1: Skywalker Strikes,10.99
Eternals (1976-1978),#1,1.99
X-Men: The Curse Is Broken,,10.99
Amazing Spider-Man (2018),#20,1.99
X-Men by Peter Milligan: Dangerous Liaisons,Vol. 1: Dangerous Liaisons,19.99
X-Men: Age Of Apocalypse - Twilight,,19.99
Web Of Venom: Carnage Born (2018),#1,1.99
Astonishing X-Men: Weaponized,,10.99
Uncanny X-Men: The Complete Collection by Matt Fraction,Vol. 1,16.99
Creatures on the Loose (1971-1975),#35,1.99
Avengers: Time Runs Out,Vol. 2,8.99
Magnificent Ms. Marvel (2019),#5,3.99
Amazing Spider-Man (1963-1998),#121,1.99
Spider-Man: Kraven's Last Hunt,,10.99
Star Wars (2015),#62,1.99
Tony Stark: Iron Man: Self-Made Man,Vol. 1: Self-Made Man,8.99
Ultimate Galactus: Ultimate Secret,Vol. 2: Ultimate Secret,6.99
Magneto: Last Days,Vol. 4: Last Days,10.99
Secret War,,8.99
Civil War,#4 (of 7),1.99
Star Wars: The Ashes of Jedha,Vol. 7: The Ashes of Jedha,10.99
Defenders: The Best Defense (2018),#1,1.99
Star Wars (2015),#5,1.99
Ms. Marvel: No Normal,Vol. 1: No Normal,8.99
Captain America (2018),#9,1.99
Creatures on the Loose (1971-1975),#36,1.99
Savage Avengers (2019),#1,4.99
X-Men: Domino,,16.99
Doctor Strange (2018),#5,1.99
X-Men: Reload by Chris Claremont: The End Of History,Vol. 1: The End Of History,19.99
Deadpool vs. The Punisher,,8.99
Wolverine: Old Man Logan: Old Monsters,Vol. 4: Old Monsters,8.99
Venom vs. Carnage,,6.99
Thor: Who Holds The Hammer?,Vol. 2: Who Holds The Hammer?,6.99
Star Wars (2015),#63,1.99
Darth Vader (2015-2016),#1,1.99
Star Wars: Doctor Aphra (2016),#31,1.99
Avengers/X-Men: Utopia,,19.99
Star Wars Vol. 2 Collection,,16.99
X-Men: New Age Of Apocalypse,,10.99
Superior Spider-Man,#22,1.99
Star Wars: Darth Vader: End of Games,Vol. 4: End of Games,10.99
Immortal Hulk (2018),#16,1.99
Creatures on the Loose (1971-1975),#34,1.99
Web Of Venom: Venom Unleashed (2019),#1,1.99
Champions (2019),#6,1.99
Star Wars: Doctor Aphra (2016),#7,1.99
X-Men Forever: The Secret History of the Sentinels,Vol. 2: The Secret History of the Sentinels,8.99
What If? Wolverine: Enemy of The State,,1.99
X-Men: Inferno,,29.99
Age of Ultron,#1 (of 10),1.99
X-Men: Lifedeath,,6.99
Star Wars: Doctor Aphra: Remastered,Vol. 3: Remastered,10.99
Star Wars (2015),#31,1.99
Spider-Man (2016-2018),#1,1.99
Runaways by Rainbow Rowell: Find Your Way Home,Vol. 1: Find Your Way Home,10.99
Avengers vs. X-Men,#10 (of 12),1.99
Champions (2019),#5,1.99
Darth Vader (2017-2018),#22,1.99
Star Wars (2015),#2,1.99
Spider-Geddon,,14.99
Doctor Strange (2018),#13,1.99
Avengers (2016-2018),#679,1.99
X-Men: Forever: Picking Up Where We Left Off,Vol. 1: Picking Up Where We Left Off,8.99
Avengers vs. X-Men,#9 (of 12),1.99
Avengers (2016-2018),#676,1.99
Star Wars: Mutiny At Mon Cala,Vol. 8: Mutiny At Mon Cala,10.99
X-Men: Legacy - Divided He Stands,,8.99
X-Men: Legionquest,,19.99
Uncanny X-Men: Rise and Fall of the Shi'ar Empire,,19.99
House of M,#8 (of 8),1.99
Moon Knight: From The Dead,Vol. 1: From The Dead,10.99
Avengers/X-Men: Bloodties,,10.99
Fantastic Four (1961-1998),#347,1.99
Mystique By Brian K. Vaughan Ultimate Collection,,19.99
Star Wars (2015),#32,1.99
Ironheart (2018),#10,3.99
Spider-Man Noir,#1 (of 4),1.99
Avengers (1963-1996),#151,0.99
Star Wars: Doctor Aphra (2016),#8,1.99
Avengers: Unleashed: Kang War One,Vol. 1: Kang War One,10.99
Fantastic Four: 4 Yancy Street (2019),#1,4.99
What If? Punisher (2018),#1,1.99
Thor (2018-2019),#3,1.99
Marvels Epilogue (2019),#1,4.99
Black Panther (2018),#2,1.99
X-Men: Day of the Atom,,16.99
Avengers: Prelude To Infinity,Vol. 3: Prelude To Infinity,10.99
Thor (2018-2019),#15,3.99
X-Men Season One,,9.99
Superior Iron Man: Stark Contrast,Vol. 2: Stark Contrast,8.99
X-Men: The Shattering,,19.99
Captain America (2018),#7,1.99
Tony Stark: Iron Man (2018),#1,1.99
Doctor Strange (2018),#14,1.99
Superior Spider-Man: The Superior Venom,Vol. 5: The Superior Venom,10.99
Ultimates (2015-2016),#1,1.99
Marvel Team-Up (2019),#3,3.99
Incredible Hulk (1999-2007),#93,1.99
Amazing Spider-Man Masterworks,Vol. 2,16.99
Marvel Comics Presents (2019),#4,4.99
Iron Man: Legacy of Doom,,2.99
Ghost Rider (1973-1983),#2,1.99
Uncanny X-Men (2011-2012),#11,1.99
Magnificent Ms. Marvel (2019),#2,3.99
Journey to Star Wars: The Force Awakens - Shattered Empire,#1 (of 4),1.99
Fearless (2019),#2 (of 4),4.99
X-Men vs. Avengers,,8.99
Wolverine: Old Man Logan: Berzerker,Vol. 1: Berzerker,8.99
X-Men: Powerless,,10.99
Thor: Road To War Of The Realms,Vol. 2: Road To War Of The Realms,8.99
Spider-Man/Deadpool: Side Pieces,Vol. 2: Side Pieces,8.99
Doctor Strange (2018),#10,1.99
Darth Vader (2015-2016),#15,1.99
House of M,#3 (of 8),1.99
Immortal Hulk (2018),#15,1.99
Fantastic Four: Wedding Special (2018),#1,4.99
All-New Wolverine: The Four Sisters,Vol. 1: The Four Sisters,10.99
Sentry: Man Of Two Worlds,,8.99
Captain America (2018),#6,1.99
Avengers: No Road Home (2019),#6 (of 10),1.99
Star Wars: The Escape,Vol. 10: The Escape,10.99
Uncanny X-Men: Breaking Point,,10.99
Amazing Spider-Man (2018),#5,1.99
Conan The Barbarian (2019),#1,1.99
Daredevil (2019),#3,1.99
X-Men Milestones: Mutant Massacre,,19.99
Avengers (2018),#7,1.99
Major X (2019),#1 (of 6),1.99
Ghost Rider: Apocalypse Soon,Vol. 3: Apocalypse Soon,4.99
Sensational Spider-Man: Self-Improvement (2019),#1,4.99
Star Wars: Age Of Republic - Count Dooku (2019),#1,1.99
Captain Marvel (2012-2013),#1,1.99
AVX: Consequences,#1 (of 5),1.99
House of M,#5 (of 8),1.99
Miles Morales: Straight Out Of Brooklyn,Vol. 1: Straight Out Of Brooklyn,10.99
Uncanny X-Men: Lovelorn,,8.99
Captain Marvel (2019),#4,1.99
Eternals by Jack Kirby,Vol. 2,14.99
Star Wars: Vader Down,,10.99
Avengers: Time Runs Out,Vol. 3,8.99
Uncanny X-Men (2018-2019),#21,1.99
Star Wars: Vader - Dark Visions (2019),#4 (of 5),1.99
Black Panther (2018),#6,1.99
Fantastic Four (1961-1998),#352,1.99
Web Of Venom: Ve'Nam (2018),#1,1.99
House of M,#4 (of 8),1.99
Creatures on the Loose (1971-1975),#33,1.99
Age Of X-Man: Apocalypse & The X-Tracts,,8.99
Miles Morales: Spider-Man (2018),#3,1.99
Avengers (2018),#8,1.99
Ultimate Spider-Man (2014),#200,1.99
Star Wars Vol. 1 Collection,,16.99
Venom (2018),#11,3.99
New Avengers: A.I.M.: Civil War II,Vol. 3: Civil War II,12.99
Star Wars: Tie Fighter (2019),#5 (of 5),3.99
New Avengers (2015-2016),#15,1.99
Creatures on the Loose (1971-1975),#32,1.99
Incredible Hulk (1999-2007),#95,1.99
Avengers (2016-2018),#684,1.99
Avengers vs. X-Men,#12 (of 12),1.99
Conan The Barbarian (2019),#8,3.99
Daredevil (2019),#8,3.99
Amazing Spider-Man (2018),#20.HU,1.99
Star Wars: Doctor Aphra: Aphra,Vol. 1: Aphra,10.99
Extermination (2018),#4 (of 5),1.99
Tony Stark: Iron Man: Stark Realities,Vol. 2: Stark Realities,10.99
Savage Sword Of Conan (2019),#9,3.99
X-Men Red (2018),#11,1.99
Uncanny X-Men: The Birth of Generation Hope,,8.99
Savage Sword Of Conan (2019),#7,3.99
Uncanny X-Men (2013-2015),#600,2.99
Conan Chronicles Epic Collection: Out Of The Darksome Hills,,24.99
Spider-Gwen: Greater Power,Vol. 1: Greater Power,10.99
X-Men: X-Club,,8.99
Star Wars (2015),#14,1.99
Spider-Man/Deadpool (2016-2019),#1,1.99
Moon Knight: Dead Will Rise,Vol. 2: Dead Will Rise,10.99
New Avengers (2015-2016),#12,1.99
Avengers vs. X-Men,#6 (of 12),1.99
Captain America: The Death of Captain America: Death of the Dream,Vol. 1: Death of the Dream,10.99
Spider-Man 2099: Spider-Verse,Vol. 2: Spider-Verse,10.99
X-Men: Phoenix Endsong,,8.99
Extermination (2018),#2 (of 5),1.99
Age of Ultron,#2 (of 10),1.99
X-Men: Die By The Sword,,8.99
Immortal Hulk (2018),#14,1.99
Thor (2018-2019),#7,1.99
Captain America: Winter Soldier,Vol. 1,12.99
Black Panther (2018),#1,1.99
Carnage USA,,8.99
Astonishing X-Men: Unmasked,,16.99
X-Men: Worst X-Man Ever,,8.99
Savage Sword Of Conan (2019),#2,1.99
Star Wars: Darth Maul - Son of Dathomir,,8.99
Magneto: Infamous,Vol. 1: Infamous,10.99
Star Wars: Yoda's Secret War,Vol. 5: Yoda's Secret War,10.99
Avengers (2016-2018),#678,1.99
Spider-Man: Miles Morales,Vol. 3,12.99
Magnificent Ms. Marvel (2019),#4,3.99
Deadpool vs. Carnage,,6.99
Ultimate Comics Spider-Man (2011-2013),#1,1.99
Captain America (2018),#1,1.99
Spider-Gwen: Ghost-Spider (2018-2019),#4,1.99
Captain America (2018),#4,1.99
Spider-Gwen: Ghost-Spider (2018-2019),#10,1.99
Fantastic Four: Road Trip,Vol. 2: Road Trip,3.99
Creatures on the Loose (1971-1975),#31,1.99
District X: Mr. M,Vol. 1: Mr. M,10.99
Darth Vader (2017-2018),#11,1.99
Star Wars: Darth Vader: Dark Lord of the Sith: Legacy's End,Vol. 2: Legacy's End,10.99
Amazing Spider-Man (2014-2015),#11,1.99
X-Men: Fall of the Mutants,Vol. 2,24.99
Ghost Rider: The Life and Death of Johnny Blaze,Vol. 2: The Life and Death of Johnny Blaze,10.99
Guardians of the Galaxy: Angela,Vol. 2: Angela,12.99
X-Men: Original Sin,,10.99
All-New X-Men / Indestructible Hulk / Superior Spider-Man: The Arms Of The Octopus,,6.99
X-Men Forever: Come To Mother... Russia!,Vol. 3: Come To Mother... Russia!,8.99
Star Wars: Age Of Rebellion - Villains,,8.99
X-Men: Legacy - Aftermath,,8.99
Star Wars: Tales of the Jedi - The Sith War (1995-1996),#1 (of 6),1.99
Amazing Spider-Man: Spider-Verse Prelude,Vol. 2: Spider-Verse Prelude,6.99
Darth Vader (2017-2018),#18,1.99
Spider-Gwen: Weapon of Choice,Vol. 2: Weapon of Choice,8.99
X-Men: Bloodline,Vol. 3: Bloodline,8.99
Avengers (2018),#16,1.99
Marvel Zombies,,8.99
Star Wars (2015),#54,1.99
Uncanny X-Men by Kieron Gillen,Vol. 1,6.99
Uncanny X-Force: Deathlok Nation,Vol. 2: Deathlok Nation,6.99
Amazing Spider-Man (2015-2018),#1,1.99
Avengers vs. X-Men,#11 (of 12),1.99
Death's Head (2019),#3 (of 4),3.99
Avengers (2018),#3,1.99
Amazing Spider-Man (2015-2018),#801,1.99
Guardians of the Galaxy (2008-2010),#1,1.99
Marvel 1602,,14.99
Avengers (2018),#15,1.99
Immortal Iron Fist: The Last Iron Fist Story,Vol. 1: The Last Iron Fist Story,10.99
Daredevil (2019),#9,3.99
Guardians of the Galaxy (2019),#6,1.99
Venom (2018),#14,1.99
Uncanny X-Men: Quarantine,,8.99
Age of Ultron: The Complete Event,,29.99
Fantastic Four (2018),#3,1.99
You Are Deadpool (2018),#1 (of 5),1.99
X-Men: War Machines,,8.99
Amazing Spider-Man (2018),#3,1.99
Star Wars: The Screaming Citadel,,8.99
Venom by Donny Cates: Rex,Vol. 1: Rex,10.99
Uncanny X-Men: The Extremists,,8.99
Avengers (2016-2018),#677,1.99
Amazing Spider-Man (2015-2018),#797,1.99
Uncanny X-Force: Apocalypse Solution,Vol. 1: Apocalypse Solution,6.99
Uncanny X-Men (1963-2011),#1,1.99
Miles Morales: Spider-Man (2018),#2,1.99
Darth Vader (2015-2016),#14,1.99
Wolverine: The End,,10.99
Star Wars (2015),#4,1.99
Tony Stark: Iron Man (2018),#4,1.99
War Of The Realms Omega (2019),#1,4.99
X-Men: Reckless Abandonment,,10.99
Deadpool Kills the Marvel Universe,#1 (of 4),1.99
Amazing Spider-Man (2018),#4,1.99
Uncanny X-Men (1963-2011),#101,1.99
Thanos: The Infinity Relativity,,9.99
Spider-Man Noir,#4 (of 4),1.99
Miles Morales: Spider-Man (2018),#6,1.99
Silver Surfer: The Best Defense (2018),#1,1.99
Avengers (2018),#17,1.99
X-Men: Legacy - Salvage,,12.99
X-Men Origins,,10.99
Cable & Deadpool: Bosom Buddies,Vol. 4: Bosom Buddies,10.99
Savage Sword Of Conan (2019),#8,3.99
Star Wars: Age Of Republic - Jango Fett (2019),#1,1.99
Star Wars: The Screaming Citadel (2017),#1,1.99
New Avengers: A.I.M.: Standoff,Vol. 2: Standoff,8.99
Moon Knight: In The Night,Vol. 3: In The Night,8.99
Fantastic Four: 1234,#1,1.99
Uncanny X-Men (2018-2019) Annual,#1,4.99
Venom (2018),#1,1.99
All-New X-Men: Inevitable: Ghosts Of Cyclops,Vol. 1: Ghosts Of Cyclops,10.99
Amazing Spider-Man Masterworks,Vol. 17,16.99
Avengers vs. X-Men,#7 (of 12),1.99
House of M,#2 (of 8),1.99
Infinity War: Collected Edition,,19.99
Incredible Hulk (1999-2007),#94,1.99
Star Wars: Age Of Rebellion - Heroes,,6.99
Spider-Gwen: Ghost-Spider (2018-2019),#5,1.99
Star Wars: Age Of Rebellion Special (2019),#1,1.99
Extermination (2018),#3 (of 5),1.99
Amazing Spider-Man: The Parker Luck,Vol. 1: The Parker Luck,10.99
Immortal Hulk: The Best Defense (2018),#1 (of 1),1.99
Avengers (2018),#12,1.99
Star Wars (2015),#13,1.99
War Of The Realms (2019),#1 (of 6),1.99
Ultimate Spider-Man: Ultimate Collection,Vol. 1,16.99
Amazing Spider-Man (2018),#8,1.99
Amazing Spider-Man (2015-2018),#799,1.99
Thor: God of Thunder: The God Butcher,Vol. 1: The God Butcher,8.99
Ben Reilly: Scarlet Spider (2017-2018),#1,1.99
Avengers vs. X-Men,#8 (of 12),1.99
Thor: God of Thunder: The Accursed,Vol. 3: The Accursed,12.99
Avengers (2012-2015),#3,1.99
Amazing Spider-Man (2015-2018),#798,1.99
X-Men: To Serve And Protect,,6.99
Incredible Hulk (1999-2007),#96,1.99
Venom (2018),#12,3.99
X-Men Blue: Reunion,Vol. 0 : Reunion,19.99
Ms. Marvel (2006-2010),#2,1.99
Deadpool Kills the Marvel Universe,#4 (of 4),1.99
Fantastic Four By Jonathan Hickman,Vol. 1,8.99
Tony Stark: Iron Man (2018),#15,3.99
All-New Wolverine: Old Woman Laura,Vol. 6: Old Woman Laura,8.99
Star Wars (2015),#53,1.99
Ultimates 2 (2016-2017),#6,1.99
Secret Wars (2015-2016),#3 (of 9),0.99
X-Men Legacy: Legion: Invasive Exotics,Vol. 2: Invasive Exotics,10.99
X-Men By Brian Wood: Blank Generation,Vol. 1: Blank Generation,10.99
Uncanny X-Men (2018-2019),#20,1.99
Guardians of the Galaxy: New Guard: Emperor Quill,Vol. 1: Emperor Quill,8.99
Eternals: Manifest Destiny,,6.99
Spider-Man (2016-2018),#2,1.99
Old Man Quill (2019),#7 (of 12),3.99
Return Of Wolverine (2018-2019),#2 (of 5),1.99
X-Men: Nation X,,19.99
Star Wars: Doctor Aphra (2016),#5,1.99
Thunderbolts: No Quarter,Vol. 1: No Quarter,10.99
All-New X-Men (2012-2015),#8,1.99
Ghost Rider Finale (2007),#1,1.99
Savage Sword Of Conan: The Cult Of Koga Thun,,10.99
Black Panther (2018),#3,1.99
X-Men: Operation Zero Tolerance,,19.99
Daredevil (2019),#1,1.99
Uncanny X-Men: First Class - Knights of Hykon,,6.99
Avengers: Rage of Ultron,,9.99
Captain Marvel (2019),#2,1.99
World War Hulk,#1 (of 5),1.99
Friendly Neighborhood Spider-Man (2019),#12,3.99
Star Wars (2015),#33,1.99
Avengers (1963-1996) Annual,#6,0.99
FF by Jonathan Hickman,Vol. 2,10.99
X-Men: Second Coming,,24.99
Venom (2018),#10,1.99
Superior Spider-Man: My Own Worst Enemy,Vol. 1: My Own Worst Enemy,8.99
Cable & Deadpool: Paved With Good Intentions,Vol. 6: Paved With Good Intentions,12.99
Age of X Universe,#1 (of 2),1.99
Secret Empire (2017),#5 (of 10),1.99
Darth Vader (2015-2016),#13,1.99
Avengers (2018),#9,1.99
Thor (2018-2019),#11,1.99
Star Wars Legends Epic Collection: The Empire,Vol. 1,29.99
Marvel Team-Up (2019),#5,3.99
Secret Empire (2017),#10 (of 10),1.99
